feature,importance
amount_to_max_prev,9.618611101992327
channel,9.560898399141301
amount_to_balance,8.719708407271296
mcc_hours_since_prev,7.60740355553828
amount,7.374166181465766
log_amount,4.97534999060554
merchant_category,4.510670083137735
counterparty_hours_since_prev,4.229387819126728
hour,4.15526241906918
online_count_1d,3.854551030349947
txn_hours_since_prev,3.4065545108979385
txn_count_90d,2.712855332586291
amount_to_mean_90d,2.5678970937902874
log_amount_z_90d,1.8888033821625676
login_hours_since_prev,1.8839973999147352
balance_before,1.5367127127246683
country_hours_since_prev,1.5304054316462181
foreign_share_90d,1.5255829640296186
foreign_count_1d,1.1776749220468214
txn_count_30d,1.1208406956156833
txn_sum_90d,1.0905060065110352
txn_sum_1d,1.040182207673452
txn_sum_30d,0.8698427066300745
days_since_bank_registered,0.8353908374513213
weekday,0.8299127786845167
txn_count_7d,0.8237213638075832
age,0.810384525691111
txn_count_1d,0.7912181425850475
day_of_month,0.7739366298142324
days_since_app_registered,0.7562782983090409
income_sum_90d,0.7500890253228826
txn_sum_7d,0.7409435058662747
is_online,0.7183492746914127
merchant_country,0.6246842897008531
is_transfer,0.5773205402923646
login_count_1d,0.5597920062794954
declared_income,0.4195234990290196
declined_count_1d,0.38928575614307165
fraud_alert_1d,0.3092808518556115
counterparty_is_new,0.3060843654641275
region,0.2965889446344004
mcc,0.25661854192816624
is_foreign,0.18489174049365129
txn_sum_1h,0.17362536435850934
merchant_hours_since_prev,0.1521216031005642
income_type,0.12541551477036808
new_device_hours_since_prev,0.11219528147275229
txn_count_1h,0.11150385175574
new_device_login_1h,0.10083602466815533
foreign_currency,0.09399862182422318
merchant_name,0.06864653835635928
country_is_new,0.06207200964120063
merchant_city_other,0.05952406307541076
declined_count_1h,0.04784893292033731
new_device_login_1d,0.04729272981411636
fraud_alert_30d,0.042802437690887124
gender,0.04097774751900688
login_count_1h,0.027543377479618242
login_failed_1h,0.009915952769027566
login_failed_1d,0.00888189033963819
fraud_block_30d,0.0026387864723832664
own_transfer,0.0
mcc_is_new,0.0
merchant_is_new,0.0
